stock_code,recency,frequency,total_gross_profit,rfm_score,total_quantity,total_revenue,gross_profit_per_product,gross_profit_margin,quantity->1,2006-profit,2006-YoY,quantity->2,2007-profit,2007-YoY,quantity->3,2013-profit,2013-YoY,quantity->4,2014-profit,2014-YoY,quantity->5,2015-profit,2015-YoY,quantity->6,2016-profit,2016-YoY,quantity->7,2017-profit,2017-YoY,quantity->8,2018-profit,2018-YoY,quantity->9,2019-profit,2019-YoY,quantity->10,2020-profit,2020-YoY,quantity->11,2021-profit,2021-YoY,quantity->12,2022-profit,2022-YoY,quantity->13,2023-profit,2023-YoY,quantity->14,2024-profit,2024-YoY,quantity->15,2025-profit,2025-YoY,gross_profit_percentage,cumulative_profit,cumulative_profit_percentage,rfm_score_score,revenue_score,quantity_score,gross_profit_per_product_score,gross_profit_percentage_score,final_score
9421014525302,2025,15,789645,555,345377,2346550,2.29,33.65%,47,121,0%,18,19,-84.3%,23164,15855,83347.37%,33162,21250,34.03%,67062,89923,323.17%,29929,52950,-41.12%,11269,29710,-43.89%,10975,29377,-1.12%,26825,52847,79.89%,28597,36157,-31.58%,40008,106691,195.08%,43601,211786,98.5%,17046,89476,-57.75%,9829,38065,-57.46%,3845,15418,15318%,31.73,789645,31.73%,1,1,1,37,1,41
9414453905507,2025,14,97524,555,28858,213076,3.38,45.77%,4,18,0%,0,0,-100%,568,1245,NULL,851,1883,51.24%,1561,4638,146.31%,1489,4948,6.68%,2572,8679,75.4%,3990,13096,50.89%,2335,7100,-45.78%,3305,7816,10.08%,3341,8505,8.82%,2382,11163,31.25%,3157,14746,32.1%,2205,8904,-39.62%,1098,4783,4683%,3.92,1112509,44.71%,1,5,13,27,4,50
9310797257220,2025,15,114008,555,75740,545874,1.51,20.89%,5,18,0%,27,68,277.78%,7011,8371,12210.29%,8624,11940,42.64%,11182,16835,41%,9232,12865,-23.58%,6842,12819,-0.36%,8423,5811,-54.67%,8672,11825,103.49%,7853,10634,-10.07%,2312,5522,-48.07%,2095,6942,25.72%,1818,4424,-36.27%,1239,4140,-6.42%,405,1794,1694%,4.58,903653,36.31%,1,3,7,48,2,61
9421902692017,2025,15,111332,555,108683,555237,1.02,20.05%,41,72,0%,80,45,-37.5%,28410,22456,49802.22%,26673,12808,-42.96%,14681,12948,1.09%,6128,7801,-39.75%,3043,5376,-31.09%,2921,6292,17.04%,3953,7898,25.52%,7921,7858,-0.51%,6111,6083,-22.59%,3555,9366,53.97%,2934,7468,-20.26%,1611,3577,-52.1%,621,1284,1184%,4.47,1014985,40.79%,1,2,4,60,3,70
9414453904432,2025,13,57723,554,20420,122068,2.83,47.29%,0,0,NULL,0,0,NULL,97,229,NULL,161,368,60.7%,169,323,-12.23%,87,207,-35.91%,85,197,-4.83%,19262,55105,27872.08%,116,374,-99.32%,86,219,-41.44%,71,146,-33.33%,107,217,48.63%,97,186,-14.29%,68,126,-32.26%,14,26,-74%,2.32,1334428,53.63%,5,8,21,29,7,70
9421902692123,2025,13,53638,554,36868,162230,1.45,33.06%,7,22,0%,0,0,-100%,3196,1101,NULL,3858,3430,211.53%,2951,4889,42.54%,3643,5519,12.89%,2814,5158,-6.54%,2954,6600,27.96%,9420,12907,95.56%,4523,4410,-65.83%,1185,2633,-40.29%,2189,6610,151.04%,0,0,-100%,23,75,NULL,105,284,184%,2.16,1388066,55.78%,5,7,9,49,8,78
9421014525500,2025,15,39480,553,33468,120401,1.18,32.79%,2,5,0%,24,15,200%,1644,620,4033.33%,2773,1886,204.19%,3206,3319,75.98%,2257,2773,-16.45%,1360,1957,-29.43%,1771,2649,35.36%,1644,2242,-15.36%,6521,3808,69.85%,4174,4242,11.4%,3377,5805,36.85%,2598,6088,4.88%,1654,3126,-48.65%,463,945,845%,1.59,1427546,57.37%,8,9,11,56,9,93
8725000639679,2025,14,28675,553,10822,83104,2.65,34.5%,4,9,0%,0,0,-100%,1259,820,NULL,792,1135,38.41%,1366,2135,88.11%,567,1319,-38.22%,781,1976,49.81%,891,2036,3.04%,603,1436,-29.47%,400,1151,-19.85%,281,611,-46.92%,399,1742,185.11%,2257,7867,351.61%,950,5219,-33.66%,272,1219,1119%,1.15,1456221,58.52%,8,15,30,32,10,95
275,2025,15,85070,554,225292,283995,0.38,29.95%,23,2,0%,22,2,0%,7755,1662,83000%,8035,2181,31.23%,20085,1808,-17.1%,29345,2640,46.02%,43405,8223,211.48%,25129,10804,31.39%,22641,13371,23.76%,16934,9987,-25.31%,13413,8224,-17.65%,12344,7725,-6.07%,12438,7771,0.6%,11113,7825,0.69%,2610,2845,2745%,3.42,1197579,48.13%,5,4,2,83,5,99
9421902692437,2025,11,79126,544,28657,184341,2.76,42.92%,0,0,NULL,0,0,NULL,18,75,NULL,24,43,-42.67%,0,0,-100%,0,0,NULL,837,2189,NULL,4168,11722,435.5%,7754,16752,42.91%,6801,12580,-24.9%,1891,4593,-63.49%,3446,13549,194.99%,2006,9549,-29.52%,1333,6193,-35.15%,379,1881,1781%,3.18,1276705,51.31%,51,6,14,31,6,108
9421902692925,2025,13,24318,553,17988,76118,1.35,31.95%,0,0,NULL,0,0,NULL,1864,832,NULL,2787,2649,218.39%,2436,3786,42.92%,2159,2900,-23.4%,1584,2126,-26.69%,1441,2593,21.97%,2302,3192,23.1%,1645,1527,-52.16%,343,801,-47.54%,676,2175,171.54%,330,885,-59.31%,369,789,-10.85%,52,63,-37%,0.98,1506164,60.53%,8,18,23,54,12,115
9421901704841,2025,13,22860,553,3099,112563,7.38,20.31%,0,0,NULL,0,0,NULL,269,508,NULL,363,1854,264.96%,317,2510,35.38%,210,2450,-2.39%,144,1777,-27.47%,121,1599,-10.02%,187,1748,9.32%,514,1707,-2.35%,259,1820,6.62%,355,2581,41.81%,189,2081,-19.37%,141,1714,-17.64%,30,511,411%,0.92,1552709,62.4%,8,10,67,22,14,121
5555001340105,2024,13,14494,552,10191,101910,1.42,14.22%,0,0,NULL,1,2,NULL,176,321,15950%,110,173,-46.11%,509,929,436.99%,845,1168,25.73%,820,1128,-3.42%,1656,2315,105.23%,1695,2199,-5.01%,1587,2184,-0.68%,935,1287,-41.07%,810,1115,-13.36%,984,1558,39.73%,63,115,-92.62%,0,0,-100%,0.58,1777304,71.42%,12,12,35,50,27,136
9416323109459,2025,15,14658,552,25352,67793,0.58,21.62%,1,2,0%,4,4,100%,2187,1425,35525%,3169,2837,99.09%,3293,1757,-38.07%,2921,604,-65.62%,3051,787,30.3%,3668,1930,145.24%,3178,1939,0.47%,1714,935,-51.78%,688,634,-32.19%,504,594,-6.31%,500,591,-0.51%,321,404,-31.64%,153,215,115%,0.59,1748230,70.25%,12,22,17,72,23,146
5333333123401,2025,14,14580,552,100190,100190,0.15,14.55%,0,0,NULL,17,3,NULL,2434,438,14500%,1019,182,-58.45%,4864,876,381.32%,8378,1158,32.19%,11508,1580,36.44%,18479,2432,53.92%,13683,1883,-22.57%,7000,963,-48.86%,5285,727,-24.51%,10464,1440,98.07%,6168,937,-34.93%,3914,705,-24.76%,6977,1256,1156%,0.59,1762810,70.84%,12,13,5,93,23,146
9416216057324,2025,14,14469,552,24803,66673,0.58,21.7%,0,0,NULL,1,1,NULL,990,611,61000%,1559,1005,64.48%,1433,893,-11.14%,2102,701,-21.5%,2985,679,-3.14%,3662,1639,141.38%,2982,1396,-14.83%,2515,1250,-10.46%,1517,1131,-9.52%,1679,1295,14.5%,1308,1395,7.72%,1377,1681,20.5%,693,792,692%,0.58,1791773,72%,12,23,18,72,27,152
9310797257237,2025,14,14002,552,4580,64597,3.06,21.68%,1,5,0%,0,0,-100%,450,1114,NULL,576,1609,44.43%,573,1787,11.06%,554,1713,-4.14%,624,2478,44.66%,538,716,-71.11%,459,1278,78.49%,230,639,-50%,129,476,-25.51%,161,736,54.62%,125,597,-18.89%,109,559,-6.37%,51,295,195%,0.56,1805775,72.57%,12,24,60,28,29,153
9421902692000,2025,14,13532,552,13614,46324,0.99,29.21%,0,0,NULL,3,2,NULL,1225,415,20650%,1406,950,128.92%,1578,1570,65.26%,647,734,-53.25%,486,729,-0.68%,605,867,18.93%,782,1010,16.49%,2737,1653,63.66%,1625,1440,-12.89%,1215,1282,-10.97%,729,1799,40.33%,448,839,-53.36%,128,242,142%,0.54,1819307,73.11%,12,32,24,62,30,160
9421901704827,2025,14,10751,552,954,58842,11.27,18.27%,0,0,NULL,1,7,NULL,174,1438,20442.86%,225,945,-34.28%,160,1254,32.7%,74,1146,-8.61%,36,696,-39.27%,34,802,15.23%,33,669,-16.58%,78,788,17.79%,28,585,-25.76%,35,634,8.38%,36,828,30.6%,27,647,-21.86%,13,312,212%,0.43,1940767,77.99%,12,25,79,15,40,171
9000056100007,2025,10,15184,542,38409,106779,0.4,14.22%,0,0,NULL,0,0,NULL,14,17,NULL,0,0,-100%,0,0,NULL,0,0,NULL,2833,2703,NULL,3774,3635,34.48%,3114,3000,-17.47%,1635,1575,-47.5%,4882,709,-54.98%,7853,1081,52.47%,4494,698,-35.43%,3711,668,-4.3%,6099,1098,998%,0.61,1704188,68.48%,52,11,8,82,21,174
9421902692901,2025,14,12753,552,9297,34914,1.37,36.52%,0,0,NULL,3,2,NULL,56,26,1200%,340,231,788.46%,215,167,-27.71%,347,403,141.32%,245,339,-15.88%,164,254,-25.07%,360,644,153.54%,2252,2301,257.3%,885,951,-58.67%,1404,1755,84.54%,1187,2222,26.61%,1345,2621,17.96%,494,837,737%,0.51,1870854,75.18%,12,42,38,53,33,178
9200129100112,2024,13,8445,552,5266,57926,1.6,14.58%,0,0,NULL,2,4,NULL,217,436,10800%,93,187,-57.11%,334,671,258.82%,626,953,42.03%,810,1226,28.65%,806,1220,-0.49%,736,1114,-8.69%,608,920,-17.41%,300,454,-50.65%,264,400,-11.89%,310,539,34.75%,160,321,-40.45%,0,0,-100%,0.34,2052920,82.5%,12,26,53,47,52,190
5555001340082,2024,11,11719,542,11755,76835,1,15.25%,0,0,NULL,4,4,NULL,1028,1127,28075%,531,582,-48.36%,2302,2522,333.33%,3374,2802,11.1%,1364,1125,-59.85%,0,0,-100%,0,0,NULL,663,730,NULL,1270,1398,91.51%,705,776,-44.49%,427,526,-32.22%,87,127,-75.86%,0,0,-100%,0.47,1918524,77.1%,52,17,26,61,38,194
9421022800743,2025,4,23685,513,5482,44900,4.32,52.75%,0,0,NULL,0,0,NULL,0,0,NULL,0,0,NULL,0,0,NULL,0,0,NULL,0,0,NULL,0,0,NULL,0,0,NULL,0,0,NULL,0,0,NULL,1133,5496,NULL,1875,8851,61.04%,1845,7376,-16.66%,629,1962,1862%,0.95,1529849,61.48%,77,33,51,24,13,198
1,2023,9,21691,433,10557,55029,2.05,39.42%,0,0,NULL,0,0,NULL,10355,21208,NULL,150,403,-98.1%,0,0,-100%,15,28,NULL,10,4,-85.71%,13,1,-75%,6,30,2900%,5,16,-46.67%,0,0,-100%,2,-1,NULL,1,2,-300%,0,0,-100%,0,0,NULL,0.87,1618720,65.05%,82,27,31,42,17,199
9200129100082,2024,11,11492,542,11558,74624,0.99,15.4%,0,0,NULL,1,1,NULL,1606,1759,175800%,654,716,-59.3%,1748,1915,167.46%,3756,3117,62.77%,1155,953,-69.43%,0,0,-100%,0,0,NULL,485,534,NULL,826,909,70.22%,654,720,-20.79%,583,737,2.36%,90,131,-82.23%,0,0,-100%,0.46,1930016,77.56%,52,19,27,62,39,199
5388887655670,2025,14,13009,552,10890,18329,1.19,70.97%,1,1,0%,0,0,-100%,338,186,NULL,629,344,84.95%,734,402,16.86%,390,218,-45.77%,256,152,-30.28%,254,146,-3.95%,179,87,-40.41%,370,201,131.03%,2408,3381,1582.09%,3230,4895,44.78%,1252,1851,-62.19%,602,787,-57.48%,247,358,258%,0.52,1832316,73.63%,12,73,29,55,31,200
9416216283068,2025,14,8374,552,10232,40887,0.82,20.48%,0,0,NULL,2,1,NULL,418,368,36700%,598,286,-22.28%,667,210,-26.57%,800,359,70.95%,954,738,105.57%,1516,1172,58.81%,1121,863,-26.37%,720,661,-23.41%,503,386,-41.6%,752,579,50%,684,784,35.41%,911,1150,46.68%,586,817,717%,0.34,2061294,82.83%,12,37,34,67,52,202
9200129100259,2025,13,7187,552,1944,48600,3.7,14.79%,0,0,NULL,0,0,NULL,92,420,NULL,56,256,-39.05%,193,881,244.14%,289,1011,14.76%,328,1128,11.57%,268,922,-18.26%,192,661,-28.31%,148,509,-23%,131,451,-11.39%,100,344,-23.73%,80,298,-13.37%,47,215,-27.85%,20,91,-9%,0.29,2122706,85.3%,12,30,74,25,61,202
70330600065,2025,14,9758,552,9224,27986,1.06,34.87%,0,0,NULL,3,3,NULL,248,135,4400%,264,275,103.7%,431,448,62.91%,715,744,66.07%,843,877,17.88%,1143,1189,35.58%,1178,1164,-2.1%,993,948,-18.56%,712,740,-21.94%,872,921,24.46%,835,870,-5.54%,650,912,4.83%,337,532,432%,0.39,1980694,79.6%,12,52,39,58,44,205
88,2019,8,25625,333,1121,70465,22.86,36.37%,5,100,0%,0,0,-100%,65,1285,NULL,304,5100,296.89%,175,3620,-29.02%,129,1400,-61.33%,202,4560,225.71%,133,5240,14.91%,108,4320,-17.56%,0,0,-100%,0,0,NULL,0,0,NULL,0,0,NULL,0,0,NULL,0,0,NULL,1.03,1481846,59.55%,87,21,78,11,11,208
9300752020181,2025,6,17201,522,1660,36225,10.36,47.48%,0,0,NULL,0,0,NULL,0,0,NULL,0,0,NULL,0,0,NULL,0,0,NULL,0,0,NULL,0,0,NULL,0,0,NULL,23,270,NULL,95,985,264.81%,763,7597,671.27%,421,4592,-39.56%,236,2710,-40.98%,122,1047,947%,0.69,1657561,66.61%,61,40,75,17,19,212
9416216284102,2025,14,7442,552,7133,35497,1.04,20.96%,0,0,NULL,1,2,NULL,431,683,34050%,718,1455,113.03%,632,1240,-14.78%,513,581,-53.15%,609,263,-54.73%,1011,435,65.4%,805,346,-20.46%,569,529,52.89%,437,183,-65.41%,697,542,196.17%,285,379,-30.07%,276,493,30.08%,149,311,211%,0.3,2100739,84.42%,12,41,43,59,58,213
5555001340204,2025,13,6950,552,27047,40845,0.26,17.02%,0,0,NULL,0,0,NULL,1,4,NULL,17526,3200,79900%,8794,1606,-49.81%,40,110,-93.15%,44,121,10%,107,294,142.98%,77,212,-27.89%,84,231,8.96%,90,248,7.36%,70,193,-22.18%,101,318,64.77%,89,325,2.2%,24,88,-12%,0.28,2136756,85.87%,12,38,15,89,63,217
78,2025,7,9983,522,77566,77566,0.13,12.87%,0,0,NULL,0,0,NULL,0,0,NULL,0,0,NULL,0,0,NULL,0,0,NULL,0,0,NULL,0,0,NULL,5884,665,NULL,13959,1815,172.93%,11356,1476,-18.68%,13264,1724,16.8%,14326,1862,8%,11711,1522,-18.26%,7066,919,819%,0.4,1970936,79.2%,61,16,6,94,42,219
95,2019,7,22350,323,671,49190,33.31,45.44%,0,0,NULL,0,0,NULL,33,-330,NULL,18,220,-166.67%,32,860,290.91%,138,5010,482.56%,195,6390,27.54%,109,4360,-31.77%,146,5840,33.94%,0,0,-100%,0,0,NULL,0,0,NULL,0,0,NULL,0,0,NULL,0,0,NULL,0.9,1575059,63.3%,92,29,81,3,15,220
9421902692765,2025,6,14684,522,5221,29271,2.81,50.17%,0,0,NULL,0,0,NULL,0,0,NULL,0,0,NULL,0,0,NULL,0,0,NULL,0,0,NULL,0,0,NULL,0,0,NULL,607,584,NULL,1264,3592,515.07%,1753,6335,76.36%,999,2925,-53.83%,412,926,-68.34%,186,322,222%,0.59,1733572,69.67%,61,50,57,30,23,221
9300605030411,2025,14,8924,552,217339,21968,0.04,40.62%,0,0,NULL,21,1,NULL,2667,111,11000%,4177,164,47.75%,6745,285,73.78%,9116,377,32.28%,11421,464,23.08%,138033,5535,1092.89%,15384,629,-88.64%,7800,321,-48.97%,5167,199,-38.01%,7124,297,49.25%,5726,223,-24.92%,2844,166,-25.56%,1114,152,52%,0.36,2035866,81.81%,12,61,3,95,50,221
96,2019,8,21640,333,663,48160,32.64,44.93%,1,10,0%,0,0,-100%,29,0,NULL,42,1170,NULL,97,2890,147.01%,90,2880,-0.35%,128,3870,34.38%,221,8700,124.81%,55,2120,-75.63%,0,0,-100%,0,0,NULL,0,0,NULL,0,0,NULL,0,0,NULL,0,0,NULL,0.87,1640360,65.92%,87,31,82,5,17,222
92,2019,8,21970,333,506,42210,43.42,52.05%,3,120,0%,0,0,-100%,81,2410,NULL,86,3020,25.31%,75,3000,-0.66%,62,2660,-11.33%,28,1400,-47.37%,109,5950,325%,62,3410,-42.69%,0,0,-100%,0,0,NULL,0,0,NULL,0,0,NULL,0,0,NULL,0,0,NULL,0.88,1597029,64.18%,87,35,86,1,16,225
93573023,2025,14,6275,552,31162,32455,0.2,19.33%,0,0,NULL,8,1,NULL,1028,164,16300%,1466,234,42.68%,2397,384,64.1%,3054,489,27.34%,3829,613,25.36%,4837,774,26.26%,5035,806,4.13%,2858,463,-42.56%,1194,194,-58.1%,1888,498,156.7%,1465,549,10.24%,1452,676,23.13%,651,430,330%,0.25,2156349,86.65%,12,46,12,91,66,227
9421902692903,2024,5,15258,522,1434,25225,10.64,60.49%,0,0,NULL,0,0,NULL,0,0,NULL,0,0,NULL,0,0,NULL,0,0,NULL,0,0,NULL,0,0,NULL,0,0,NULL,61,432,NULL,805,8613,1893.75%,136,1340,-84.44%,130,1406,4.93%,302,3467,146.59%,0,0,-100%,0.61,1689004,67.87%,61,57,76,16,21,231
5555001340303,2025,13,5786,552,26003,33340,0.22,17.35%,0,0,NULL,0,0,NULL,2301,420,NULL,15765,2843,576.9%,7684,1403,-50.65%,28,116,-91.73%,17,70,-39.66%,22,91,30%,34,140,53.85%,25,103,-26.43%,21,87,-15.53%,30,124,42.53%,33,154,24.19%,26,142,-7.79%,17,93,-7%,0.23,2174154,87.37%,12,45,16,90,68,231
110,2020,5,11946,322,12727,88820,0.94,13.45%,0,0,NULL,0,0,NULL,45,-226,NULL,0,0,-100%,0,0,NULL,0,0,NULL,1561,1495,NULL,4384,4209,181.54%,4355,4181,-0.67%,2382,2287,-45.3%,0,0,-100%,0,0,NULL,0,0,NULL,0,0,NULL,0,0,NULL,0.48,1894980,76.15%,93,14,25,64,36,232
9421901704803,2025,13,6569,552,286,26994,22.97,24.34%,0,0,NULL,0,0,NULL,33,194,NULL,38,594,206.19%,30,616,3.7%,13,416,-32.47%,11,424,1.92%,16,718,69.34%,5,164,-77.16%,47,917,459.15%,32,859,-6.32%,17,372,-56.69%,23,643,72.85%,15,438,-31.88%,6,214,114%,0.26,2150074,86.4%,12,54,96,10,65,237
9421902692864,2025,6,12180,522,5496,27628,2.22,44.09%,0,0,NULL,0,0,NULL,0,0,NULL,0,0,NULL,0,0,NULL,0,0,NULL,0,0,NULL,0,0,NULL,0,0,NULL,837,729,NULL,855,1288,76.68%,1081,2741,112.81%,1836,4643,69.39%,848,2618,-43.61%,39,161,61%,0.49,1883034,75.67%,61,53,50,39,35,238
9200129100150,2024,12,7908,542,3618,54270,2.19,14.57%,0,0,NULL,0,0,NULL,166,455,NULL,68,186,-59.12%,279,764,310.75%,475,989,29.45%,560,1156,16.89%,651,1343,16.18%,499,1030,-23.31%,361,745,-27.67%,186,384,-48.46%,143,295,-23.18%,163,377,27.8%,67,184,-51.19%,0,0,-100%,0.32,2085550,83.81%,52,28,63,40,55,238
91,2019,8,14700,332,490,44100,30,33.33%,2,40,0%,0,0,-100%,46,460,NULL,79,1120,143.48%,90,1770,58.04%,121,2940,66.1%,40,1290,-56.12%,97,6105,373.26%,15,975,-84.03%,0,0,-100%,0,0,NULL,0,0,NULL,0,0,NULL,0,0,NULL,0,0,NULL,0.59,1718888,69.07%,90,34,87,6,23,240
302,2021,10,9991,442,36266,72532,0.28,13.77%,0,0,NULL,1,0,NULL,1057,296,NULL,466,130,-56.08%,1002,281,116.15%,4330,1192,324.2%,6637,1821,52.77%,7676,2116,16.2%,8338,2295,8.46%,5317,1463,-36.25%,1442,397,-72.86%,0,0,-100%,0,0,NULL,0,0,NULL,0,0,NULL,0.4,1960953,78.8%,80,20,10,88,42,240
94,2019,7,16185,322,471,39735,34.36,40.73%,0,0,NULL,0,0,NULL,58,1100,NULL,84,2110,91.82%,58,1680,-20.38%,72,1440,-14.29%,110,3220,123.61%,39,2885,-10.4%,50,3750,29.98%,0,0,-100%,0,0,NULL,0,0,NULL,0,0,NULL,0,0,NULL,0,0,NULL,0.65,1673746,67.26%,93,39,88,2,20,242
9416590000190,2025,14,9122,552,20466,12749,0.45,71.55%,0,0,NULL,11,4,NULL,1505,453,11225%,2008,618,36.42%,2385,792,28.16%,2272,912,15.15%,2267,1179,29.28%,2411,1267,7.46%,2135,1136,-10.34%,1357,661,-41.81%,939,498,-24.66%,1158,582,16.87%,973,475,-18.38%,667,348,-26.74%,378,197,97%,0.37,2017837,81.09%,12,84,20,80,46,242
9416470239603,2025,14,7436,552,20848,18564,0.36,40.05%,0,0,NULL,3,0,NULL,815,163,NULL,1025,304,86.5%,1625,450,48.03%,2338,633,40.67%,2814,772,21.96%,3732,1008,30.57%,2127,967,-4.07%,1268,495,-48.81%,575,259,-47.68%,1667,770,197.3%,1512,772,0.26%,971,611,-20.85%,376,232,132%,0.3,2108175,84.72%,12,70,19,84,58,243
311,2025,13,8314,552,7355,14961,1.13,55.56%,0,0,NULL,0,0,NULL,35,103,NULL,24,79,-23.3%,11,8,-89.87%,269,217,2612.5%,356,401,84.79%,730,825,105.74%,1007,1138,37.94%,688,777,-31.72%,822,929,19.56%,1135,1280,37.78%,927,1030,-19.53%,836,945,-8.25%,515,582,482%,0.33,2069608,83.17%,12,80,42,57,54,245
2098,2025,13,9327,552,10478,9955,0.89,93.68%,0,0,NULL,0,0,NULL,1399,1043,NULL,100,64,-93.86%,943,604,843.75%,675,432,-28.48%,406,260,-39.81%,322,205,-21.15%,343,223,8.78%,198,222,-0.45%,1271,1309,489.64%,2903,2719,107.72%,1109,1252,-53.95%,601,739,-40.97%,208,255,155%,0.37,1999584,80.35%,12,91,32,66,46,247
9310797282161,2025,11,7344,542,4285,41681,1.71,17.62%,0,0,NULL,0,0,NULL,3,2,NULL,0,0,-100%,0,0,NULL,161,285,NULL,652,1436,403.86%,660,833,-41.99%,539,70,-91.6%,376,49,-30%,345,448,814.29%,493,1065,137.72%,471,1110,4.23%,407,1311,18.11%,178,735,635%,0.3,2115519,85.01%,52,36,62,46,58,254
9421014525303,2024,5,9563,522,373,29411,25.64,32.52%,0,0,NULL,0,0,NULL,0,0,NULL,0,0,NULL,0,0,NULL,0,0,NULL,0,0,NULL,0,0,NULL,0,0,NULL,2,74,NULL,262,7096,9489.19%,12,345,-95.14%,51,1244,260.58%,46,804,-35.37%,0,0,-100%,0.38,1990257,79.98%,61,49,94,7,45,256
632565000036,2025,14,5431,552,5896,20706,0.92,26.23%,0,0,NULL,1,1,NULL,156,64,6300%,309,136,112.5%,500,417,206.62%,891,814,95.2%,939,871,7%,1249,1151,32.15%,698,664,-42.31%,488,393,-40.81%,200,265,-32.57%,228,321,21.13%,130,183,-42.99%,71,100,-45.36%,36,51,-49%,0.22,2185119,87.81%,12,65,48,65,70,260
2,2014,2,12995,212,5725,34350,2.27,37.83%,0,0,NULL,0,0,NULL,5375,12201,NULL,350,794,-93.49%,0,0,-100%,0,0,NULL,0,0,NULL,0,0,NULL,0,0,NULL,0,0,NULL,0,0,NULL,0,0,NULL,0,0,NULL,0,0,NULL,0,0,NULL,0.52,1845311,74.16%,100,44,49,38,31,262
9421014522059,2025,13,4991,552,521,18358,9.58,27.18%,0,0,NULL,0,0,NULL,41,164,NULL,33,257,56.71%,40,319,24.12%,46,521,63.32%,22,260,-50.1%,31,260,0%,19,173,-33.46%,71,827,378.03%,33,238,-71.22%,44,469,97.06%,64,683,45.63%,59,628,-8.05%,18,192,92%,0.2,2195286,88.22%,12,72,85,20,73,262
6977928840145,2025,15,4707,552,8931,23044,0.53,20.42%,1,2,0%,1,1,-50%,890,489,48800%,1542,625,27.81%,1766,772,23.52%,1237,544,-29.53%,975,451,-17.1%,660,356,-21.06%,525,202,-43.26%,256,58,-71.29%,210,141,143.1%,402,510,261.7%,276,331,-35.1%,144,148,-55.29%,46,77,-23%,0.19,2209635,88.8%,12,60,40,76,75,263
9421030104369,2025,4,11825,512,3328,23594,3.55,50.12%,0,0,NULL,0,0,NULL,0,0,NULL,0,0,NULL,0,0,NULL,0,0,NULL,0,0,NULL,0,0,NULL,0,0,NULL,0,0,NULL,0,0,NULL,789,2999,NULL,1001,3696,23.24%,1091,3626,-1.89%,447,1504,1404%,0.48,1906805,76.63%,78,59,66,26,36,265
90,2019,7,12790,322,389,32240,32.88,39.67%,0,0,NULL,0,0,NULL,133,1250,NULL,90,1110,-11.2%,31,1140,2.7%,46,2390,109.65%,15,1350,-43.51%,31,2325,72.22%,43,3225,38.71%,0,0,-100%,0,0,NULL,0,0,NULL,0,0,NULL,0,0,NULL,0,0,NULL,0.51,1858101,74.67%,93,47,93,4,33,270
9421902692161,2025,6,9105,522,4415,21445,2.06,42.46%,0,0,NULL,0,0,NULL,0,0,NULL,0,0,NULL,0,0,NULL,0,0,NULL,0,0,NULL,0,0,NULL,0,0,NULL,975,772,NULL,792,1858,140.67%,1084,3100,66.85%,968,2216,-28.52%,494,985,-55.55%,102,174,74%,0.37,2026942,81.45%,61,63,61,41,46,272
93,2019,7,10195,322,407,34615,25.05,29.45%,0,0,NULL,0,0,NULL,51,510,NULL,52,810,58.82%,55,1040,28.4%,39,900,-13.46%,71,2130,136.67%,85,2915,36.85%,54,1890,-35.16%,0,0,-100%,0,0,NULL,0,0,NULL,0,0,NULL,0,0,NULL,0,0,NULL,0.41,1950962,78.4%,93,43,91,8,41,276
9310797246439,2025,14,4284,552,3008,19799,1.42,21.64%,0,0,NULL,2,4,NULL,247,326,8050%,372,480,47.24%,465,517,7.71%,377,564,9.09%,293,492,-12.77%,386,279,-43.29%,257,213,-23.66%,115,95,-55.4%,83,117,23.16%,118,334,185.47%,110,329,-1.5%,142,414,25.84%,41,120,20%,0.17,2227553,89.52%,12,66,69,50,79,276
9420016999708,2025,10,9131,542,5236,15128,1.74,60.37%,0,0,NULL,0,0,NULL,4,7,NULL,0,0,-100%,0,0,NULL,0,0,NULL,1,3,NULL,115,163,5333.33%,1300,2029,1144.79%,906,1538,-24.2%,407,728,-52.67%,472,884,21.43%,700,1304,47.51%,786,1456,11.66%,545,1019,919%,0.37,2008715,80.72%,52,78,56,45,46,277
706799200040,2025,14,4886,552,3487,15196,1.4,32.15%,0,0,NULL,1,1,NULL,46,44,4300%,232,243,452.27%,373,388,59.67%,493,522,34.54%,505,740,41.76%,536,841,13.65%,520,772,-8.2%,251,351,-54.53%,122,164,-53.28%,191,331,101.83%,103,228,-31.12%,89,210,-7.89%,25,51,-49%,0.2,2200172,88.42%,12,77,65,52,73,279
224,2025,13,5176,552,2141,10700,2.42,48.38%,0,0,NULL,0,0,NULL,14,28,NULL,103,264,842.86%,59,162,-38.64%,262,571,252.47%,232,430,-24.69%,263,574,33.49%,151,406,-29.27%,126,344,-15.27%,6,16,-95.35%,287,634,3862.5%,409,1118,76.34%,175,481,-56.98%,54,148,48%,0.21,2190295,88.02%,12,88,72,36,72,280
1220000061545,2025,13,4336,552,5265,18857,0.82,23%,0,0,NULL,0,0,NULL,86,43,NULL,82,30,-30.23%,122,21,-30%,298,48,128.57%,544,120,150%,578,127,5.83%,711,426,235.43%,526,434,1.88%,423,520,19.82%,359,430,-17.31%,431,527,22.56%,683,966,83.3%,422,644,544%,0.17,2223269,89.34%,12,68,54,67,79,280
9416216001464,2025,13,3437,552,10456,21874,0.33,15.71%,0,0,NULL,0,0,NULL,446,240,NULL,615,206,-14.17%,605,38,-81.55%,633,85,123.68%,807,153,80%,1479,284,85.62%,1222,232,-18.31%,829,298,28.45%,776,181,-39.26%,1090,385,112.71%,687,412,7.01%,817,540,31.07%,450,383,283%,0.14,2268779,91.17%,12,62,33,85,89,281
9414043001145,2025,14,3254,552,18226,21121,0.18,15.4%,0,0,NULL,4,1,NULL,1164,23,2200%,2783,77,234.78%,2779,495,542.86%,2482,550,11.11%,2234,487,-11.45%,2231,509,4.52%,1812,401,-21.22%,908,192,-52.12%,405,67,-65.1%,755,140,108.96%,462,146,4.29%,119,82,-43.84%,88,84,-16%,0.13,2272033,91.3%,12,64,22,92,92,282
220,2021,9,8609,432,1198,26603,7.19,32.36%,0,0,NULL,0,0,NULL,54,540,NULL,76,760,40.74%,117,548,-27.89%,171,930,69.71%,203,1150,23.66%,297,1875,63.04%,210,2076,10.72%,64,640,-69.17%,6,90,-85.94%,0,0,-100%,0,0,NULL,0,0,NULL,0,0,NULL,0.35,2044475,82.16%,83,56,77,23,51,290
9300752250076,2025,6,8034,522,815,17488,9.86,45.94%,0,0,NULL,0,0,NULL,0,0,NULL,0,0,NULL,0,0,NULL,0,0,NULL,0,0,NULL,0,0,NULL,0,0,NULL,55,482,NULL,65,696,44.4%,233,2897,316.24%,219,1990,-31.31%,208,1675,-15.83%,35,294,194%,0.32,2077642,83.49%,61,76,80,19,55,291
9416216283075,2025,14,3672,552,4927,18991,0.75,19.33%,0,0,NULL,1,1,NULL,169,161,16000%,362,211,31.06%,383,158,-25.12%,548,282,78.48%,580,448,58.87%,1038,799,78.35%,774,596,-25.41%,314,286,-52.01%,126,97,-66.08%,151,116,19.59%,197,171,47.41%,179,187,9.36%,105,159,59%,0.15,2258241,90.75%,12,67,59,69,84,291
706799200781,2025,14,3692,552,11276,13507,0.33,27.34%,0,0,NULL,5,2,NULL,566,139,6850%,798,246,76.98%,957,306,24.39%,1173,379,23.86%,1923,628,65.7%,1601,525,-16.4%,1261,409,-22.1%,773,250,-38.88%,293,79,-68.4%,553,176,122.78%,642,179,1.7%,477,198,10.61%,254,176,76%,0.15,2250892,90.45%,12,83,28,85,84,292
9416216057348,2025,14,3538,552,6953,17811,0.51,19.87%,0,0,NULL,2,1,NULL,284,167,16600%,639,447,167.66%,470,250,-44.07%,791,297,18.8%,1001,245,-17.51%,1331,633,158.37%,1094,511,-19.27%,500,231,-54.79%,209,121,-47.62%,237,143,18.18%,195,203,41.96%,121,188,-7.39%,79,101,1%,0.14,2265342,91.03%,12,74,44,78,89,297
89,2019,8,7100,332,447,29450,15.88,24.11%,2,40,0%,0,0,-100%,156,1360,NULL,153,1990,46.32%,57,1140,-42.71%,13,520,-54.39%,23,920,76.92%,38,980,6.52%,5,150,-84.69%,0,0,-100%,0,0,NULL,0,0,NULL,0,0,NULL,0,0,NULL,0,0,NULL,0.29,2129806,85.59%,90,48,89,12,61,300
706799200033,2025,14,3739,552,5468,13517,0.68,27.65%,0,0,NULL,1,0,NULL,380,242,NULL,586,360,48.76%,665,458,27.22%,652,440,-3.93%,641,412,-6.36%,741,497,20.63%,622,416,-16.3%,424,266,-36.06%,318,274,3.01%,269,191,-30.29%,82,76,-60.21%,51,61,-19.74%,36,46,-54%,0.15,2247200,90.31%,12,82,52,71,84,301
9310733000613,2025,8,6194,532,3548,18525,1.75,33.44%,0,0,NULL,0,0,NULL,84,20,NULL,14,3,-85%,0,0,-100%,0,0,NULL,0,0,NULL,0,0,NULL,1,37,NULL,0,0,-100%,347,282,NULL,1306,3009,967.02%,858,1321,-56.1%,870,1322,0.08%,68,200,100%,0.25,2162543,86.9%,59,71,64,44,66,304
4806511015009,2025,14,3096,552,9493,15079,0.33,20.53%,0,0,NULL,6,0,NULL,628,168,NULL,4031,619,268.45%,1024,-105,-116.96%,100,24,-122.86%,398,128,433.33%,1403,968,656.25%,916,632,-34.71%,554,382,-39.56%,148,99,-74.08%,45,25,-74.75%,108,68,172%,90,60,-11.76%,42,28,-72%,0.12,2278251,91.55%,12,79,36,85,94,306
706799200071,2025,14,3806,552,6595,8168,0.58,46.6%,1,0,NULL,3,2,NULL,450,239,11850%,722,417,74.48%,1061,649,55.64%,1185,723,11.4%,1120,673,-6.92%,1133,535,-20.51%,587,313,-41.5%,140,65,-79.23%,0,0,-100%,3,1,NULL,102,89,8800%,62,71,-20.22%,26,29,-71%,0.15,2243461,90.16%,12,93,46,72,84,307
9421902692741,2025,6,6749,522,2698,14416,2.5,46.82%,0,0,NULL,0,0,NULL,0,0,NULL,0,0,NULL,0,0,NULL,0,0,NULL,0,0,NULL,0,0,NULL,0,0,NULL,288,213,NULL,553,1381,548.36%,729,2451,77.48%,706,1760,-28.19%,290,648,-63.18%,132,296,196%,0.27,2143505,86.14%,61,81,70,35,64,311
9506000148717,2023,2,7747,412,3081,17707,2.51,43.75%,0,0,NULL,0,0,NULL,0,0,NULL,0,0,NULL,0,0,NULL,0,0,NULL,0,0,NULL,0,0,NULL,0,0,NULL,0,0,NULL,0,0,NULL,1005,2936,NULL,2076,4811,63.86%,0,0,-100%,0,0,NULL,0.31,2093297,84.12%,84,75,68,34,57,318
9421902692758,2025,6,5825,522,2233,12083,2.61,48.22%,0,0,NULL,0,0,NULL,0,0,NULL,0,0,NULL,0,0,NULL,0,0,NULL,0,0,NULL,0,0,NULL,0,0,NULL,182,156,NULL,258,680,335.9%,682,2459,261.62%,605,1486,-39.57%,332,746,-49.8%,174,298,198%,0.23,2168368,87.14%,61,87,71,33,68,320
183,2025,5,5534,522,547,10669,10.11,51.86%,0,0,NULL,0,0,NULL,0,0,NULL,0,0,NULL,0,0,NULL,0,0,NULL,0,0,NULL,0,0,NULL,0,0,NULL,0,0,NULL,398,3814,NULL,113,1273,-66.62%,32,372,-70.78%,3,56,-84.95%,1,19,-81%,0.22,2179688,87.59%,61,89,84,18,70,322
5555001340044,2025,7,3677,522,7709,23969,0.48,15.34%,0,0,NULL,0,0,NULL,0,0,NULL,0,0,NULL,0,0,NULL,0,0,NULL,0,0,NULL,0,0,NULL,1713,707,NULL,1214,501,-29.14%,663,274,-45.31%,1338,552,101.46%,1740,819,48.37%,909,728,-11.11%,132,96,-4%,0.15,2254569,90.6%,61,58,41,79,84,323
397,2021,10,4086,442,9441,28323,0.43,14.43%,0,0,NULL,2,1,NULL,161,88,8700%,706,384,336.36%,723,396,3.12%,1541,642,62.12%,2342,967,50.62%,2604,1075,11.17%,1263,521,-51.53%,96,12,-97.7%,3,0,-100%,0,0,NULL,0,0,NULL,0,0,NULL,0,0,NULL,0.16,2235774,89.85%,80,51,37,81,82,331
8412531963525,2025,6,4608,522,395,8630,11.66,53.38%,0,0,NULL,0,0,NULL,0,0,NULL,0,0,NULL,0,0,NULL,0,0,NULL,0,0,NULL,0,0,NULL,0,0,NULL,45,530,NULL,68,1046,97.36%,67,749,-28.39%,114,1252,67.16%,95,968,-22.68%,6,63,-37%,0.19,2218933,89.17%,61,92,92,14,75,334
51,2025,8,4690,532,6643,10594,0.71,44.28%,0,0,NULL,0,0,NULL,0,0,NULL,0,0,NULL,0,0,NULL,0,0,NULL,0,0,NULL,302,196,NULL,766,468,138.78%,619,410,-12.39%,758,323,-21.22%,1380,889,175.23%,1197,764,-14.06%,1095,1046,36.91%,526,594,494%,0.19,2214325,88.98%,59,90,45,70,75,339
9414453905509,2025,5,4756,522,372,7309,12.79,65.09%,0,0,NULL,0,0,NULL,0,0,NULL,0,0,NULL,0,0,NULL,0,0,NULL,0,0,NULL,0,0,NULL,0,0,NULL,0,0,NULL,295,3582,NULL,37,486,-86.43%,30,514,5.76%,9,161,-68.68%,1,13,-87%,0.19,2204928,88.61%,61,96,95,13,75,340
9200129100044,2025,6,3122,522,6001,18761,0.52,16.64%,0,0,NULL,0,0,NULL,0,0,NULL,0,0,NULL,0,0,NULL,0,0,NULL,0,0,NULL,0,0,NULL,0,0,NULL,1431,591,NULL,969,400,-32.32%,1072,443,10.75%,1572,747,68.62%,845,859,14.99%,112,82,-18%,0.13,2275155,91.43%,61,69,47,77,92,346
68,2025,5,3563,522,426,7925,8.36,44.95%,0,0,NULL,0,0,NULL,0,0,NULL,0,0,NULL,0,0,NULL,0,0,NULL,0,0,NULL,0,0,NULL,170,258,NULL,94,132,-48.84%,26,70,-46.97%,0,0,-100%,0,0,NULL,117,2638,NULL,19,465,365%,0.14,2261804,90.89%,61,95,90,21,89,356
97,2019,7,4135,322,167,12485,24.76,33.12%,0,0,NULL,0,0,NULL,16,-80,NULL,41,795,-1093.75%,29,580,-27.04%,3,150,-74.14%,38,890,493.33%,23,1035,16.29%,17,765,-26.09%,0,0,-100%,0,0,NULL,0,0,NULL,0,0,NULL,0,0,NULL,0,0,NULL,0.17,2231688,89.68%,93,85,100,9,79,366
93545037,2025,12,3002,542,5244,8108,0.57,37.01%,0,0,NULL,0,0,NULL,67,24,NULL,0,0,-100%,212,151,NULL,450,280,85.43%,648,357,27.5%,1043,551,54.34%,931,481,-12.7%,690,374,-22.25%,373,229,-38.77%,303,201,-12.23%,337,218,8.46%,89,67,-69.27%,101,69,-31%,0.12,2281253,91.67%,52,94,55,75,94,370
2002,2014,2,3881,212,2120,12484,1.83,31.09%,0,0,NULL,0,0,NULL,1407,2692,NULL,713,1189,-55.83%,0,0,-100%,0,0,NULL,0,0,NULL,0,0,NULL,0,0,NULL,0,0,NULL,0,0,NULL,0,0,NULL,0,0,NULL,0,0,NULL,0,0,NULL,0.16,2239655,90%,100,86,73,43,82,384
79,2019,7,-726,320,5054,26902,-0.14,-2.69%,0,0,NULL,0,0,NULL,998,-4268,NULL,5,-22,-99.48%,216,224,-1118.18%,1012,835,272.77%,879,725,-13.17%,1049,921,27.03%,895,859,-6.73%,0,0,-100%,0,0,NULL,0,0,NULL,0,0,NULL,0,0,NULL,0,0,NULL,0,2278048,91.55%,98,55,58,96,96,403
9421014520864,2025,13,-568,550,85,3411,-6.68,-16.65%,0,0,NULL,0,0,NULL,12,-504,NULL,27,-1081,114.48%,7,76,-107.03%,8,121,59.21%,1,28,-76.86%,6,182,550%,4,132,-27.47%,4,63,-52.27%,5,93,47.62%,2,56,-39.78%,2,60,7.14%,6,177,195%,1,29,-71%,0,2279361,91.6%,50,98,103,103,96,450
1039,2021,3,-408,410,551,2898,-0.74,-14.08%,0,0,NULL,0,0,NULL,142,-42,NULL,406,-378,800%,0,0,-100%,0,0,NULL,0,0,NULL,0,0,NULL,0,0,NULL,0,0,NULL,3,12,NULL,0,0,-100%,0,0,NULL,0,0,NULL,0,0,NULL,0,2280384,91.64%,85,99,83,99,96,462
1069,2021,4,-178,410,279,1217,-0.64,-14.63%,0,0,NULL,0,0,NULL,179,-285,NULL,62,62,-121.75%,0,0,-100%,0,0,NULL,0,0,NULL,29,0,NULL,0,0,NULL,0,0,NULL,9,45,NULL,0,0,-100%,0,0,NULL,0,0,NULL,0,0,NULL,0,2280792,91.66%,85,100,97,97,96,475
503,2024,3,-2441,510,90,3698,-27.12,-66.01%,0,0,NULL,0,0,NULL,0,0,NULL,0,0,NULL,0,0,NULL,0,0,NULL,0,0,NULL,0,0,NULL,0,0,NULL,0,0,NULL,0,0,NULL,66,-1862,NULL,22,-621,-66.65%,2,42,-106.76%,0,0,-100%,0,2274865,91.42%,79,97,102,105,96,479
22,2019,4,-742,310,242,145,-3.07,-512.51%,0,0,NULL,0,0,NULL,217,-720,NULL,17,-57,-92.08%,0,0,-100%,0,0,NULL,0,0,NULL,2,9,NULL,6,26,188.89%,0,0,-100%,0,0,NULL,0,0,NULL,0,0,NULL,0,0,NULL,0,0,NULL,0,2277306,91.52%,99,103,98,100,96,496
1050,2016,4,-155,210,224,1189,-0.69,-13.04%,0,0,NULL,0,0,NULL,28,-27,NULL,173,-128,374.07%,10,0,-100%,13,0,NULL,0,0,NULL,0,0,NULL,0,0,NULL,0,0,NULL,0,0,NULL,0,0,NULL,0,0,NULL,0,0,NULL,0,0,NULL,0,2280970,91.66%,102,102,99,98,96,497
7,2015,3,-455,210,145,1202,-3.14,-37.89%,0,0,NULL,0,0,NULL,120,-532,NULL,24,70,-113.16%,1,7,-90%,0,0,-100%,0,0,NULL,0,0,NULL,0,0,NULL,0,0,NULL,0,0,NULL,0,0,NULL,0,0,NULL,0,0,NULL,0,0,NULL,0,2279929,91.62%,102,101,101,101,96,501
387,2014,2,-128,210,22,48,-5.82,-266.67%,0,0,NULL,0,0,NULL,18,-108,NULL,4,-20,-81.48%,0,0,-100%,0,0,NULL,0,0,NULL,0,0,NULL,0,0,NULL,0,0,NULL,0,0,NULL,0,0,NULL,0,0,NULL,0,0,NULL,0,0,NULL,0,2281125,91.67%,102,105,105,102,96,510
113,2015,3,-587,210,47,107,-12.5,-549.21%,0,0,NULL,0,0,NULL,39,-537,NULL,5,-69,-87.15%,3,19,-127.54%,0,0,-100%,0,0,NULL,0,0,NULL,0,0,NULL,0,0,NULL,0,0,NULL,0,0,NULL,0,0,NULL,0,0,NULL,0,0,NULL,0,2278774,91.57%,102,104,104,104,96,510
